{"type":"Topology","objects":{"default":{"type":"GeometryCollection","geometries":[{"type":"Polygon","arcs":[[0]],"id":"IR.5428","properties":{"hc-group":"admin1","hc-key":"ir-5428","hc-a2":"NU","labelrank":"20","hasc":"-99","alt-name":null,"woe-id":"-99","subregion":null,"fips":null,"postal-code":null,"name":null,"country":"Iran","type-en":null,"region":null,"longitude":"55.3044","woe-name":null,"latitude":"26.2642","woe-label":null,"type":null,"hc-middle-lon":49.037,"hc-middle-lat":30.484}},{"type":"MultiPolygon","arcs":[[[1]],[[2]],[[3]],[[4,5,6,7,8]]],"id":"IR.HG","properties":{"hc-group":"admin1","hc-key":"ir-hg","hc-a2":"HG","labelrank":"4","hasc":"IR.HG","alt-name":"Banader va Jazayer-e Bahr-e Oman|Ports and Islands of the Sea of Oman|Saheli","woe-id":"2345776","subregion":null,"fips":"IR11","postal-code":"HG","name":"Hormozgan","country":"Iran","type-en":"Province","region":null,"longitude":"56.2505","woe-name":"Hormozgan","latitude":"27.6455","woe-label":"Hormozgan, IR, Iran","type":"Ostan","hc-middle-lon":56.303,"hc-middle-lat":27.66}},{"type":"Polygon","arcs":[[9,-6,10,11,12,13,14]],"id":"IR.BS","properties":{"hc-group":"admin1","hc-key":"ir-bs","hc-a2":"BS","labelrank":"6","hasc":"IR.BS","alt-name":"Banader va Jazayer-e Khalij-e Fars|Bushire|Persian Gulf|Ports and Islands of the Persian Gulf","woe-id":"2345781","subregion":null,"fips":"IR22","postal-code":"BS","name":"Bushehr","country":"Iran","type-en":"Province","region":null,"longitude":"51.4225","woe-name":"Bushehr","latitude":"28.8273","woe-label":"Bushehr, IR, Iran","type":"Ostan","hc-middle-lon":51.357,"hc-middle-lat":28.851}},{"type":"Polygon","arcs":[[15,-13,16,17,18,19,20]],"id":"IR.KB","properties":{"hc-group":"admin1","hc-key":"ir-kb","hc-a2":"KB","labelrank":"4","hasc":"IR.KB","alt-name":"Bovir Ahmadi and Kohkiluyeh|Boyer-Ahmad and Koh-Giluye|Boyer Ahmad e Kohkiluyeh|Boyer Ahmadi-ye Sardir va Kohkiluyeh|Kohgil","woe-id":"2345771","subregion":null,"fips":"IR05","postal-code":"KB","name":"Kohgiluyeh and Buyer Ahmad","country":"Iran","type-en":"Province","region":null,"longitude":"50.7947","woe-name":"Kohgiluyeh and Buyer Ahmad","latitude":"30.6977","woe-label":"Kohgiluyeh va Buyer Ahmad, IR, Iran","type":"Ostan","hc-middle-lon":50.8,"hc-middle-lat":30.782}},{"type":"Polygon","arcs":[[-20,21,22,23,-7,-10,-15,24]],"id":"IR.FA","properties":{"hc-group":"admin1","hc-key":"ir-fa","hc-a2":"FA","labelrank":"4","hasc":"IR.FA","alt-name":null,"woe-id":"2345772","subregion":null,"fips":"IR07","postal-code":"FA","name":"Fars","country":"Iran","type-en":"Province","region":null,"longitude":"53.0793","woe-name":"Fars","latitude":"29.4007","woe-label":"Fars, IR, Iran","type":"Ostan","hc-middle-lon":53.405,"hc-middle-lat":29.153}},{"type":"Polygon","arcs":[[-19,25,26,27,28,29,30,31,32,33,-22]],"id":"IR.ES","properties":{"hc-group":"admin1","hc-key":"ir-es","hc-a2":"ES","labelrank":"6","hasc":"IR.ES","alt-name":"Isfahan|Ispahan","woe-id":"2345787","subregion":null,"fips":"IR28","postal-code":"ES","name":"Esfahan","country":"Iran","type-en":"Province","region":null,"longitude":"52.4195","woe-name":"Esfahan","latitude":"32.9837","woe-label":"Esfahan, IR, Iran","type":"Ostan","hc-middle-lon":52.405,"hc-middle-lat":33.263}},{"type":"Polygon","arcs":[[-31,34,35,36,37,38,39,40,32,41]],"id":"IR.SM","properties":{"hc-group":"admin1","hc-key":"ir-sm","hc-a2":"SM","labelrank":"6","hasc":"IR.SM","alt-name":null,"woe-id":"2345784","subregion":null,"fips":"IR25","postal-code":"SM","name":"Semnan","country":"Iran","type-en":"Province","region":null,"longitude":"54.4381","woe-name":"Semnan","latitude":"35.4243","woe-label":"Semnan, IR, Iran","type":"Ostan","hc-middle-lon":55.01,"hc-middle-lat":35.47}},{"type":"Polygon","arcs":[[42,43,-38,44]],"id":"IR.GO","properties":{"hc-group":"admin1","hc-key":"ir-go","hc-a2":"GO","labelrank":"4","hasc":"IR.GO","alt-name":null,"woe-id":"20070201","subregion":null,"fips":"IR37","postal-code":"GO","name":"Golestan","country":"Iran","type-en":"Province","region":null,"longitude":"55.0042","woe-name":"Golestan","latitude":"37.312","woe-label":"Golestan, IR, Iran","type":"Ostan","hc-middle-lon":55.179,"hc-middle-lat":37.266}},{"type":"Polygon","arcs":[[45,-45,-37,46,47,48,49]],"id":"IR.MN","properties":{"hc-group":"admin1","hc-key":"ir-mn","hc-a2":"MN","labelrank":"4","hasc":"IR.MN","alt-name":null,"woe-id":"2345780","subregion":null,"fips":"IR17","postal-code":"MN","name":"Mazandaran","country":"Iran","type-en":"Province","region":null,"longitude":"52.2123","woe-name":"Mazandaran","latitude":"36.231","woe-label":"Mazandaran, IR, Iran","type":"Ostan","hc-middle-lon":52.711,"hc-middle-lat":36.263}},{"type":"Polygon","arcs":[[-36,50,51,52,53,-47]],"id":"IR.TH","properties":{"hc-group":"admin1","hc-key":"ir-th","hc-a2":"TH","labelrank":"7","hasc":"IR.TH","alt-name":"Teheran|T?h?ran","woe-id":"2345785","subregion":null,"fips":"IR26","postal-code":"TH","name":"Tehran","country":"Iran","type-en":"Province","region":null,"longitude":"51.6548","woe-name":"Tehran","latitude":"35.5146","woe-label":"Tehran, IR, Iran","type":"Ostan","hc-middle-lon":51.492,"hc-middle-lat":35.545}},{"type":"Polygon","arcs":[[54,-29,55,56,57,58,-53,59,-60]],"id":"IR.MK","properties":{"hc-group":"admin1","hc-key":"ir-mk","hc-a2":"MK","labelrank":"4","hasc":"IR.MK","alt-name":null,"woe-id":"2345783","subregion":null,"fips":"IR34","postal-code":"MK","name":"Markazi","country":"Iran","type-en":"Province","region":null,"longitude":"49.964","woe-name":"Markazi","latitude":"34.5595","woe-label":"Markazi, IR, Iran","type":"Ostan","hc-middle-lon":49.694,"hc-middle-lat":34.488}},{"type":"Polygon","arcs":[[-23,-34,-33,-41,60,61,62]],"id":"IR.YA","properties":{"hc-group":"admin1","hc-key":"ir-ya","hc-a2":"YA","labelrank":"6","hasc":"IR.YA","alt-name":null,"woe-id":"2345790","subregion":null,"fips":"IR40","postal-code":"YA","name":"Yazd","country":"Iran","type-en":"Province","region":null,"longitude":"55.5242","woe-name":"Yazd","latitude":"32.7074","woe-label":"Yazd, IR, Iran","type":"Ostan","hc-middle-lon":55.642,"hc-middle-lat":32.513}},{"type":"Polygon","arcs":[[-18,63,-26]],"id":"IR.CM","properties":{"hc-group":"admin1","hc-key":"ir-cm","hc-a2":"CM","labelrank":"4","hasc":"IR.CM","alt-name":"Bakhtiari|Chaharmahal va Bakhtiyari|Charmahal-Bakhtiyari","woe-id":"2345769","subregion":null,"fips":"IR03","postal-code":"CM","name":"Chahar Mahall and Bakhtiari","country":"Iran","type-en":"Province","region":null,"longitude":"50.5298","woe-name":"Chahar Mahall and Bakhtiari","latitude":"31.9975","woe-label":"Chahar Mahall va Bakhtiari, IR, Iran","type":"Ostan","hc-middle-lon":50.692,"hc-middle-lat":31.903}},{"type":"Polygon","arcs":[[-27,-64,-17,-12,64,65,66]],"id":"IR.KZ","properties":{"hc-group":"admin1","hc-key":"ir-kz","hc-a2":"KZ","labelrank":"4","hasc":"IR.KZ","alt-name":"Khuzistan|Kouzistan","woe-id":"2345778","subregion":null,"fips":"IR15","postal-code":"KZ","name":"Khuzestan","country":"Iran","type-en":"Province","region":null,"longitude":"48.7558","woe-name":"Khuzestan","latitude":"31.3484","woe-label":"Khuzestan, IR, Iran","type":"Ostan","hc-middle-lon":48.951,"hc-middle-lat":31.512}},{"type":"Polygon","arcs":[[-28,-67,67,68,69,-56]],"id":"IR.LO","properties":{"hc-group":"admin1","hc-key":"ir-lo","hc-a2":"LO","labelrank":"4","hasc":"IR.LO","alt-name":null,"woe-id":"2345782","subregion":null,"fips":"IR23","postal-code":"LO","name":"Lorestan","country":"Iran","type-en":"Province","region":null,"longitude":"48.4141","woe-name":"Lorestan","latitude":"33.5323","woe-label":"Lorestan, IR, Iran","type":"Ostan","hc-middle-lon":48.51,"hc-middle-lat":33.519}},{"type":"Polygon","arcs":[[-66,70,71,-68]],"id":"IR.IL","properties":{"hc-group":"admin1","hc-key":"ir-il","hc-a2":"IL","labelrank":"7","hasc":"IR.IL","alt-name":"Ilam and Poshtkuh","woe-id":"2345775","subregion":null,"fips":"IR10","postal-code":"IL","name":"Ilam","country":"Iran","type-en":"Province","region":null,"longitude":"46.8116","woe-name":"Ilam","latitude":"33.2369","woe-label":"Ilam, IR, Iran","type":"Ostan","hc-middle-lon":46.528,"hc-middle-lat":33.356}},{"type":"Polygon","arcs":[[72,73,74,75]],"id":"IR.AR","properties":{"hc-group":"admin1","hc-key":"ir-ar","hc-a2":"AR","labelrank":"7","hasc":"IR.AR","alt-name":"Ardabil","woe-id":"20070198","subregion":null,"fips":"IR32","postal-code":"AR","name":"Ardebil","country":"Iran","type-en":"Province","region":null,"longitude":"47.7241","woe-name":"Ardebil","latitude":"38.9113","woe-label":"Ardabil, IR, Iran","type":"Ostan","hc-middle-lon":48.025,"hc-middle-lat":38.319}},{"type":"Polygon","arcs":[[-35,-30,-55,59,76,-51]],"id":"IR.QM","properties":{"hc-group":"admin1","hc-key":"ir-qm","hc-a2":"QM","labelrank":"7","hasc":"IR.QM","alt-name":null,"woe-id":"20070199","subregion":null,"fips":"IR39","postal-code":"QM","name":"Qom","country":"Iran","type-en":"Province","region":null,"longitude":"50.978","woe-name":"Qom","latitude":"34.6662","woe-label":"Qom, IR, Iran","type":"Ostan","hc-middle-lon":50.885,"hc-middle-lat":34.606}},{"type":"Polygon","arcs":[[-70,77,78,79,80,-57]],"id":"IR.HD","properties":{"hc-group":"admin1","hc-key":"ir-hd","hc-a2":"HD","labelrank":"7","hasc":"IR.HD","alt-name":"Hamedan","woe-id":"2345774","subregion":null,"fips":"IR09","postal-code":"HD","name":"Hamadan","country":"Iran","type-en":"Province","region":null,"longitude":"48.5738","woe-name":"Hamadan","latitude":"34.8342","woe-label":"Hamadan, IR, Iran","type":"Ostan","hc-middle-lon":48.507,"hc-middle-lat":34.87}},{"type":"Polygon","arcs":[[-80,81,82,83,-75,84,85]],"id":"IR.ZA","properties":{"hc-group":"admin1","hc-key":"ir-za","hc-a2":"ZA","labelrank":"7","hasc":"IR.ZA","alt-name":null,"woe-id":"2345786","subregion":null,"fips":"IR36","postal-code":"ZA","name":"Zanjan","country":"Iran","type-en":"Province","region":null,"longitude":"48.2959","woe-name":"Zanjan","latitude":"36.3989","woe-label":"Zanjan, IR, Iran","type":"Ostan","hc-middle-lon":48.535,"hc-middle-lat":36.456}},{"type":"Polygon","arcs":[[-49,86,-58,-81,-86,87]],"id":"IR.QZ","properties":{"hc-group":"admin1","hc-key":"ir-qz","hc-a2":"QZ","labelrank":"7","hasc":"IR.QZ","alt-name":null,"woe-id":"20070200","subregion":null,"fips":"IR38","postal-code":"QZ","name":"Qazvin","country":"Iran","type-en":"Province","region":null,"longitude":"49.6996","woe-name":"Qazvin","latitude":"36.0552","woe-label":"Qazvin, IR, Iran","type":"Ostan","hc-middle-lon":49.832,"hc-middle-lat":36.013}},{"type":"Polygon","arcs":[[-83,88,89,90]],"id":"IR.WA","properties":{"hc-group":"admin1","hc-key":"ir-wa","hc-a2":"WA","labelrank":"4","hasc":"IR.WA","alt-name":"Azarbayjan-e Bakhtari|Azarbaijan-e Gharbi|West Azarbayejan|Azerba?djan e Gharbi","woe-id":"2345767","subregion":null,"fips":"IR01","postal-code":"WA","name":"West Azarbaijan","country":"Iran","type-en":"Province","region":null,"longitude":"45.6734","woe-name":"West Azarbaijan","latitude":"36.6666","woe-label":"Azarbayjan-e Gharbi, IR, Iran","type":"Ostan","hc-middle-lon":44.762,"hc-middle-lat":38.435}},{"type":"Polygon","arcs":[[-91,91,-76,-84]],"id":"IR.EA","properties":{"hc-group":"admin1","hc-key":"ir-ea","hc-a2":"EA","labelrank":"4","hasc":"IR.EA","alt-name":"Azarbayjan-e Khavari|Azarbaijan-e Sharghi|Azarbaijan-Sharqi|East Azarbayejan|Azerba?djan e Sharqi","woe-id":"2345768","subregion":null,"fips":"IR01","postal-code":"EA","name":"East Azarbaijan","country":"Iran","type-en":"Province","region":null,"longitude":"46.7723","woe-name":"East Azarbaijan","latitude":"37.8501","woe-label":"Azarbayjan-e Sharqi, IR, Iran","type":"Ostan","hc-middle-lon":46.507,"hc-middle-lat":37.985}},{"type":"Polygon","arcs":[[-69,-72,92,93,-78]],"id":"IR.BK","properties":{"hc-group":"admin1","hc-key":"ir-bk","hc-a2":"BK","labelrank":"7","hasc":"IR.BK","alt-name":"Bakhtaran|Kermanshahan","woe-id":"2345777","subregion":null,"fips":"IR13","postal-code":"BK","name":"Kermanshah","country":"Iran","type-en":"Province","region":null,"longitude":"46.6893","woe-name":"Kermanshah","latitude":"34.2796","woe-label":"Kermanshah, IR, Iran","type":"Ostan","hc-middle-lon":46.537,"hc-middle-lat":34.458}},{"type":"Polygon","arcs":[[-50,-88,-85,-74,94]],"id":"IR.GI","properties":{"hc-group":"admin1","hc-key":"ir-gi","hc-a2":"GI","labelrank":"4","hasc":"IR.GI","alt-name":null,"woe-id":"2345773","subregion":null,"fips":"IR08","postal-code":"GI","name":"Gilan","country":"Iran","type-en":"Province","region":null,"longitude":"49.5162","woe-name":"Gilan","latitude":"37.0503","woe-label":"Gilan, IR, Iran","type":"Ostan","hc-middle-lon":49.808,"hc-middle-lat":37.021}},{"type":"Polygon","arcs":[[-79,-94,95,-89,-82]],"id":"IR.KD","properties":{"hc-group":"admin1","hc-key":"ir-kd","hc-a2":"KD","labelrank":"4","hasc":"IR.KD","alt-name":"Kurdistan","woe-id":"2345779","subregion":null,"fips":"IR16","postal-code":"KD","name":"Kordestan","country":"Iran","type-en":"Province","region":null,"longitude":"46.8636","woe-name":"Kordestan","latitude":"35.5778","woe-label":"Kordestan, IR, Iran","type":"Ostan","hc-middle-lon":47.203,"hc-middle-lat":35.654}},{"type":"Polygon","arcs":[[96,97,98,-62,99]],"id":"IR.KJ","properties":{"hc-group":"admin1","hc-key":"ir-kj","hc-a2":"KJ","labelrank":"4","hasc":"IR.KJ","alt-name":"Khorasan-e Janubi","woe-id":"56189825","subregion":null,"fips":"IR41","postal-code":"KJ","name":"South Khorasan","country":"Iran","type-en":"Province","region":null,"longitude":"59.489","woe-name":null,"latitude":"32.4563","woe-label":null,"type":"Ostan","hc-middle-lon":59.608,"hc-middle-lat":32.179}},{"type":"Polygon","arcs":[[100,-100,-61,-40,101]],"id":"IR.KV","properties":{"hc-group":"admin1","hc-key":"ir-kv","hc-a2":"KV","labelrank":"4","hasc":"IR.KV","alt-name":"Khorasan-e Razavi","woe-id":"2345789","subregion":null,"fips":"IR42","postal-code":"KV","name":"Razavi Khorasan","country":"Iran","type-en":"Province","region":null,"longitude":"58.7976","woe-name":"Razavi Khorasan","latitude":"35.584","woe-label":"Khorasan, IR, Iran","type":"Ostan","hc-middle-lon":58.716,"hc-middle-lat":35.543}},{"type":"Polygon","arcs":[[-39,-44,102,-102]],"id":"IR.KS","properties":{"hc-group":"admin1","hc-key":"ir-ks","hc-a2":"KS","labelrank":"4","hasc":"IR.KS","alt-name":"Khorasan-e Shemali","woe-id":"-56189824","subregion":null,"fips":"IR43","postal-code":"KS","name":"North Khorasan","country":"Iran","type-en":"Province","region":null,"longitude":"57.0475","woe-name":null,"latitude":"37.5789","woe-label":null,"type":"Ostan","hc-middle-lon":56.855,"hc-middle-lat":37.449}},{"type":"Polygon","arcs":[[-9,103,-98,104]],"id":"IR.SB","properties":{"hc-group":"admin1","hc-key":"ir-sb","hc-a2":"SB","labelrank":"4","hasc":"IR.SB","alt-name":"Baluchestan va Sistan|Seistan and Baluchistan|Sistan e Baloutchistan","woe-id":"2345770","subregion":null,"fips":"IR04","postal-code":"SB","name":"Sistan and Baluchestan","country":"Iran","type-en":"Province","region":null,"longitude":"61.0471","woe-name":"Sistan and Baluchestan","latitude":"27.4268","woe-label":"Sistan va Baluchestan, IR, Iran","type":"Ostan","hc-middle-lon":60.881,"hc-middle-lat":27.321}},{"type":"Polygon","arcs":[[-99,-104,-8,-24,-63]],"id":"IR.KE","properties":{"hc-group":"admin1","hc-key":"ir-ke","hc-a2":"KE","labelrank":"6","hasc":"IR.KE","alt-name":null,"woe-id":"2345788","subregion":null,"fips":"IR29","postal-code":"KE","name":"Kerman","country":"Iran","type-en":"Province","region":null,"longitude":"56.9567","woe-name":"Kerman","latitude":"30.1234","woe-label":"Kerman, IR, Iran","type":"Ostan","hc-middle-lon":57.431,"hc-middle-lat":29.58}},{"type":"Polygon","arcs":[[-48,-54,-59,-87]],"id":"IR.AL","properties":{"hc-group":"admin1","hc-key":"ir-al","hc-a2":"AL","labelrank":"7","hasc":"IR.AL","alt-name":null,"woe-id":"-20070200","subregion":null,"fips":"IR26","postal-code":"AL","name":"Alborz","country":"Iran","type-en":"Province","region":null,"longitude":"50.7848","woe-name":null,"latitude":"35.9651","woe-label":null,"type":"Ostan","hc-middle-lon":50.853,"hc-middle-lat":36.059}}],"hc-recommended-transform":{"default":{"crs":"+proj=omerc +lat_0=27.51882880555555 +lonc=52.60353916666667 +alpha=0.5716611944444444 +k=0.999895934 +x_0=658377.437 +y_0=3044969.194 +gamma=0.5716611944444444 +ellps=intl +towgs84=-133.63,-157.5,-158.62,0,0,0,0 +units=m +no_defs","scale":0.000387972585583,"jsonres":15.5,"jsonmarginX":-999,"jsonmarginY":9851,"xoffset":-79833.1948915,"yoffset":4434537.22097}}}},"arcs":[[[2593,3700],[5,-25],[-29,1],[1,21],[23,3]],[[5185,974],[-48,0],[-27,30],[67,9],[8,-39]],[[4840,1185],[-84,-2],[-22,38],[82,-18],[24,-18]],[[6287,1256],[-47,-83],[-69,-60],[-36,31],[-89,-33],[-106,-67],[-106,-35],[-7,79],[35,-8],[219,101],[-8,107],[72,-33],[75,48],[68,18],[60,-33],[-61,-32]],[[7887,252],[-118,-19],[-53,76],[-57,33],[-205,33],[-128,-46],[-65,21],[-43,80],[-99,-39],[-20,77],[-111,-3],[-101,22],[-38,124],[-45,93],[24,49],[-41,65],[-30,125],[7,117],[-33,158],[-94,128],[21,21],[-40,47],[-117,9],[-119,34],[-119,-29],[-96,-91],[-132,-16],[-40,-34],[-28,-97],[-37,-29],[-110,17],[-34,-45],[-53,-18],[-157,-137],[-94,7],[-30,52],[-90,13],[-42,76],[-82,-5],[-80,25],[-91,-30],[-54,5],[-117,99],[-41,95],[-176,70],[-205,154]],[[4474,1539],[25,27],[97,-5],[30,18]],[[4626,1579],[52,-75],[116,-11],[81,-58],[51,12],[159,-34],[54,34],[27,145],[76,55],[139,14],[56,-14],[73,25],[138,-22],[96,56],[36,98],[71,44],[106,30],[12,55],[-69,89],[32,238],[-13,42],[-156,174],[13,66],[-30,103]],[[5746,2645],[139,-34],[69,-76],[73,-23],[104,90],[76,35],[15,-24],[9,-259],[-2,-118],[47,-68],[98,-85],[62,-11],[94,41],[95,107],[83,-32],[19,-186],[61,-45],[79,-129],[-19,-69],[55,-114],[16,-256],[10,-39],[212,-135],[58,64],[34,-1],[75,-63],[41,-92],[-32,23],[-44,-359],[157,9],[81,-28],[11,-88],[70,-3],[30,23],[63,-54]],[[7685,646],[-16,-55],[124,-120],[97,-169],[-3,-50]],[[3395,3458],[14,-85],[58,-103],[145,-23],[71,-25],[132,-224],[88,-65],[233,-504],[12,-62],[76,-247],[92,-101],[71,-182],[135,-171],[104,-87]],[[4474,1539],[-51,47],[51,22],[-57,79],[-76,72],[-93,23],[-121,103],[-78,9],[-72,-14],[-71,16],[-106,97],[-60,115],[0,75],[-64,88],[-36,112],[-7,116],[-42,55],[-53,11],[-33,56],[6,55],[34,-37],[22,61],[-48,75],[-102,2],[24,99],[-17,108],[-25,14],[-79,112],[-31,14],[-79,144],[-51,49],[-10,124],[-39,59]],[[3110,3500],[86,29],[111,-21]],[[3307,3508],[60,-25]],[[3367,3483],[19,-16],[9,-8]],[[3395,3459],[0,-1]],[[3395,3458],[-28,25]],[[3307,3508],[-9,107],[-31,101],[30,80],[-8,36],[-79,54],[-62,75],[-88,-13],[5,97],[-23,95],[20,83],[59,34],[96,113]],[[3217,4370],[128,-66],[43,0],[193,-192],[77,-9],[54,41],[52,6]],[[3764,4150],[32,-129],[57,-67],[82,-70]],[[3935,3884],[16,-117],[-70,-48],[-55,16],[-105,66],[-49,2],[35,-178],[-12,-61],[-138,-92],[-109,2]],[[3448,3474],[-53,-16]],[[3935,3884],[54,12],[-1,122],[44,123],[23,115],[-15,46],[-73,39],[-26,71],[89,-7],[165,118],[46,-107],[155,-28],[178,57]],[[4574,4445],[132,-57],[78,-81],[67,-90],[121,-345],[87,-174],[105,-161],[33,-189],[81,-68],[105,-61]],[[5383,3219],[15,-68],[71,-163],[24,-17],[149,-27],[104,-299]],[[3395,3459],[53,15]],[[3764,4150],[6,77],[-47,175],[-9,114],[40,24],[-27,64],[39,73],[-36,126],[-153,138],[-3,103],[-68,120],[-55,-26],[-89,-6],[-58,-42],[-99,-1],[-63,48],[-93,-13],[-102,-61]],[[2947,5063],[25,69],[-22,33],[-126,35],[-24,69]],[[2800,5269],[21,45],[65,35],[10,81],[29,38],[78,24],[68,153],[13,93]],[[3084,5738],[125,93],[217,62],[62,48],[62,11],[70,198]],[[3620,6150],[-26,38],[16,134],[75,65],[152,11],[175,49]],[[4012,6447],[100,-59],[51,-8],[178,3],[248,-83],[1239,40]],[[5828,6340],[46,-28]],[[5874,6312],[0,-1]],[[5874,6311],[6,-460],[-58,-132],[-121,-58],[-29,-38],[-24,-114],[-36,-92],[-83,-72],[-550,-209],[-165,41],[-87,-23],[-146,-92],[10,-232],[-26,-138],[-13,-147],[22,-100]],[[4012,6447],[54,144],[-5,82]],[[4061,6673],[51,171],[-83,129],[16,163],[68,-8],[123,-88],[194,-51],[42,-2],[111,51],[82,80],[18,61],[-24,145]],[[4659,7324],[145,47],[82,7],[60,42],[30,54],[74,76],[19,96],[58,79],[96,43]],[[5223,7768],[178,4],[73,36],[120,109],[91,55],[44,6],[186,-27],[26,13],[28,121],[43,100],[117,175]],[[6129,8360],[79,-110],[83,-34],[-52,-47],[-6,-131],[71,-93],[59,-54],[105,-30],[79,14]],[[6547,7875],[48,-11],[13,-54],[-35,-105],[-8,-74],[10,-128],[31,-120],[157,-148],[-8,-48],[-128,-234],[-110,-44],[-126,-104],[-83,-110]],[[6308,6695],[-187,-340],[-57,-31],[-133,3],[-57,-15]],[[5874,6311],[-46,29]],[[5008,7993],[94,-15],[65,18],[10,88],[-57,209],[-4,59],[141,-14],[92,27],[88,53],[43,-5],[87,57],[2,92],[36,73],[78,56],[64,75],[47,12],[105,72],[148,29],[141,-36],[98,10]],[[6286,8853],[6,-136],[-9,-75],[63,-51],[10,-41],[-28,-42],[-144,-63],[-55,-85]],[[5223,7768],[-77,94],[-114,73],[-24,58]],[[3382,8111],[267,-172],[144,-29],[282,-76],[95,14],[86,33],[270,61],[175,55],[196,45],[204,12],[63,32],[-2,-26],[-96,-27],[-108,2],[50,-42]],[[4659,7324],[-69,40],[-44,-16],[-99,43],[-119,31],[-114,-126],[-36,-16],[-82,23],[-102,143],[-70,29],[-80,7],[-56,35]],[[3788,7517],[-34,43],[-107,30],[-29,33],[-119,32]],[[3499,7655],[-6,33],[-113,83],[-138,123]],[[3242,7894],[58,79],[11,56],[71,82]],[[4061,6673],[-296,190],[-125,41]],[[3640,6904],[-149,3]],[[3491,6907],[45,156],[-1,47],[-37,60]],[[3498,7170],[75,91],[14,41],[46,3],[9,77],[31,38],[113,30],[2,67]],[[3491,6907],[-33,-75],[-14,-131],[-281,-91],[5,-74],[-53,-65],[51,-57],[70,-37],[18,-83],[58,-62],[134,-14],[53,-32],[121,-36]],[[3084,5738],[-88,114],[-44,-62],[-95,88],[14,57],[-67,66],[-77,-41],[-17,-59],[-52,-40],[-73,11],[-68,45],[28,84],[4,71]],[[2549,6072],[65,81],[-21,119],[-37,78],[-28,153],[89,-15],[-7,99],[27,110],[139,-3],[10,-76],[37,-43],[36,25],[-12,74],[-37,65],[-83,31],[-37,34],[80,55],[-39,119],[30,22],[47,-28],[-15,84]],[[2793,7056],[91,2],[37,57],[171,54],[94,43],[45,-1]],[[3231,7211],[127,-24],[42,-37],[-15,50],[36,18],[24,-86],[53,38]],[[3491,6907],[0,-2]],[[6308,6695],[212,59],[206,105],[131,36],[58,-16],[151,-125],[11,-86],[-51,-53],[-205,-157],[-35,-69],[-66,-213],[-4,-115],[32,-196],[25,-42],[103,-14],[133,34],[43,-75],[38,-287],[34,-84],[134,-86],[55,-84]],[[7313,5227],[-24,-122],[65,-147],[-27,-140],[-69,-103],[-107,-243]],[[7151,4472],[-557,267],[-66,13],[-35,-48],[-108,-67],[-37,-44],[-276,-162],[-22,-55],[-15,-262],[-88,-43],[-98,-16],[-109,13],[-292,-58],[-69,-109],[-11,-83],[60,-152],[12,-69],[33,-36],[-6,-221],[13,-84],[-97,-37]],[[3217,4370],[47,80],[-14,69],[-80,99],[-61,153],[-58,48],[-94,182],[-10,62]],[[3110,3500],[-71,-3],[-163,-118],[-36,-5],[-27,91],[-122,0],[-12,73],[-31,-27],[-82,58],[-28,62],[58,5],[74,-41],[27,51],[-23,57],[-120,6],[19,-68],[-43,2],[-38,-49],[31,-65],[8,-116],[-31,-37],[-90,5],[-48,-51],[-82,30],[-37,106],[8,43],[-65,70],[-37,0],[-22,70],[-75,25],[1,348],[-7,13],[-171,0],[3,281],[79,240],[-84,171],[-46,62]],[[1827,4789],[87,79],[-7,78],[38,59],[47,122]],[[1992,5127],[29,47],[71,206],[28,22],[220,27],[113,-57],[114,-13],[121,-91],[112,1]],[[1992,5127],[-100,217],[-124,163],[-115,63],[-63,60],[-49,18],[-11,46],[-94,87],[9,36],[62,70],[181,55],[59,66],[-21,96]],[[1726,6104],[7,84],[93,32],[-1,90],[61,6]],[[1886,6316],[269,-197],[150,-19],[28,31],[74,6],[142,-65]],[[1827,4789],[-46,30],[8,35],[-58,94],[12,27],[-39,56],[-48,18],[-67,-16],[-33,22],[-178,178],[-122,92],[-108,46],[-91,-4],[12,73],[-46,31],[70,42],[-6,63],[-62,73],[-62,114],[-16,64],[-79,-32],[-4,34]],[[864,5829],[42,177],[8,82],[111,10],[78,-35],[83,-14],[74,-59],[130,-45],[60,-6],[89,25],[82,-5],[18,68],[-23,60],[110,17]],[[1533,9605],[46,83],[98,48],[43,53],[93,45],[153,110],[56,15],[50,-39],[149,-184],[-111,-55],[8,-79],[68,-50],[19,-43],[-34,-48],[-96,-18],[-35,-39],[12,-47],[102,-63],[9,-45],[43,-43],[55,13],[9,-33],[93,-118]],[[2363,9068],[69,-81],[-117,-144],[-33,-126],[48,-137],[85,-141],[80,-81],[8,-102]],[[2503,8256],[-34,20],[-83,-14],[-29,-39],[-76,48]],[[2281,8271],[-130,83],[-17,83],[-119,66],[-15,75],[21,106],[-80,103],[-45,172],[-37,18],[-116,-18],[-39,26],[-58,-15],[-3,56],[40,74],[63,55],[98,23],[-38,49],[25,91],[-31,76],[-1,141],[-21,8],[-129,-77],[-59,-107],[14,-13],[-79,-79],[-78,22],[-105,-42],[-41,52],[48,89],[47,-5],[12,55],[35,-20],[75,21],[62,73],[-47,93]],[[3491,6905],[149,-1]],[[1886,6316],[28,50],[110,-8],[21,90],[-16,44],[-80,-64],[-21,50],[-70,34],[-31,50],[76,24],[65,140]],[[1968,6726],[81,50],[29,-50],[46,99],[-15,62],[-76,80],[-56,134],[-36,57],[47,51],[40,-59],[69,37],[-30,80],[95,-39]],[[2162,7228],[41,-50],[112,-4],[89,-38],[58,54]],[[2462,7190],[81,11],[62,-53],[20,-55],[81,-7],[87,-30]],[[2162,7228],[-24,43],[-143,92],[22,65],[11,119],[-14,87],[-39,78],[-261,56],[-16,16]],[[1698,7784],[-71,169]],[[1627,7953],[6,76],[100,122],[115,81],[163,20],[207,-17],[63,36]],[[2503,8256],[78,-52],[80,-101],[31,-111]],[[2692,7992],[-99,-56],[-11,-94],[63,-109],[74,-40],[47,-108],[-4,-91],[-95,-27],[-84,-70],[-2,-34],[-47,23],[-167,-43],[-10,-29],[105,-124]],[[3499,7655],[-123,14],[-75,-29],[47,-56],[60,-34],[-47,-138],[-152,-102],[22,-99]],[[2692,7992],[117,-129],[173,-43],[146,72],[114,2]],[[1698,7784],[-60,-96],[-39,-17],[-113,20],[-56,59],[-269,-26],[-131,19],[-45,-19],[-37,-89],[-84,-28],[-78,-131],[-38,-34]],[[748,7442],[-74,-19],[-24,23],[18,52],[-47,119],[-9,96],[-68,-1],[-61,90],[27,78],[-25,62],[-86,35],[28,64],[-1,94],[-67,61],[25,122],[-122,105],[9,104],[-22,22],[29,56],[-47,44],[-29,-9],[-37,59],[-83,14],[1,64],[72,122],[6,69],[46,49],[-18,37],[-70,4],[3,164],[-27,25],[16,125],[-43,32],[-27,70],[24,103],[-56,37],[-9,137],[108,-12],[70,35],[29,179],[55,46],[136,-93],[23,-3],[44,-129],[73,-64],[29,-87],[101,-33],[76,-124]],[[744,9466],[-60,-66],[-27,-101],[21,-74],[-21,-70],[-88,-95],[-28,-103],[46,-69],[22,-314],[63,-112],[-7,-84],[28,-68],[151,-104],[123,-13],[80,-87],[111,-71],[51,73],[129,50],[80,-52],[15,-132],[70,-36],[124,15]],[[744,9466],[263,-58],[65,-24],[138,42],[73,-28],[111,108],[62,85],[77,14]],[[864,5829],[-35,34],[-90,174],[-55,24],[80,105],[15,92],[-43,45],[-32,78],[44,34],[-1,65],[101,-27],[-14,95],[-21,21],[25,66],[36,16],[6,46],[41,-13],[11,89],[30,45],[49,-18],[70,26],[13,80],[-23,47]],[[1071,6953],[114,-89],[124,-184],[34,-15],[16,-81],[133,14],[48,88],[53,43],[63,9],[9,57],[74,6],[31,72],[80,-48],[80,-96],[38,-3]],[[2363,9068],[86,33],[49,-8],[-3,-80],[39,-266],[38,-127],[61,-78],[160,-87],[200,-28],[57,-1],[111,-33],[38,-51],[52,-120],[131,-111]],[[1071,6953],[-83,141],[16,112],[22,23],[104,16],[39,38],[-16,38],[-51,-20],[-64,40],[-117,-31],[-60,12],[-37,71],[-76,49]],[[8529,6133],[21,-162],[-22,-89],[13,-49],[75,-54],[116,-8],[-32,-97],[-31,-26],[-99,-146],[5,-107],[132,-507],[-12,-121],[-18,-30],[25,-362],[158,-31]],[[8860,4344],[2,-121],[-58,-190],[-9,-229],[27,-133],[-9,-34],[-89,-11],[-42,41],[-82,131],[-64,53],[-106,53],[-406,-133]],[[8024,3771],[-207,339],[-75,63],[-591,299]],[[7313,5227],[36,60],[17,81],[72,120],[164,119],[67,121],[-79,63],[-36,61],[31,254],[-16,73],[28,12],[136,-30],[29,30],[154,25],[103,51],[78,-115],[69,-27],[322,1],[41,7]],[[7099,8729],[232,-84],[14,-65],[85,-33],[74,41],[98,-31],[51,33],[127,-50],[86,-71],[73,-15],[10,-118],[105,-92],[116,-49],[53,-42],[62,-17],[59,-104],[109,-161],[381,8],[46,-8],[11,-40],[-17,-116],[36,-197],[-26,-76],[39,-88],[-8,-139],[30,-84],[-51,-121],[-43,-62],[-6,-59],[26,-61],[-16,-29],[-27,-166],[-54,-63],[-7,-57],[-129,-83],[100,-135],[-128,-8],[-78,-114],[-3,-40]],[[6547,7875],[2,74],[30,42],[125,106],[83,-4],[344,-201],[144,-22],[58,29],[18,53],[-30,43],[34,54],[-34,59],[-28,-26],[-49,54],[79,220],[25,40],[-17,58],[-48,45],[-28,64],[-232,12],[-20,15],[14,78],[82,61]],[[6286,8853],[68,0],[-1,58],[72,60],[77,-13],[80,24],[46,-31],[109,-26],[66,61],[29,-7],[64,-126],[5,-77],[75,-31],[123,-16]],[[7685,646],[13,97],[30,91],[-31,91],[30,54],[-27,57],[30,81],[-67,118],[-24,240],[60,272],[7,78],[-4,237],[60,89],[16,62],[-80,106],[89,42],[121,81],[39,40],[-20,88],[-1,145],[43,77],[18,126],[-18,143],[-57,92],[5,57],[107,561]],[[8860,4344],[278,-46],[46,-54],[-4,-43],[44,-139],[-21,-138],[-489,-662],[225,-307],[31,-22],[2,-81],[76,-118],[40,-143],[45,-77],[126,-146],[80,-38],[163,-46],[111,-130],[85,20],[14,-32],[-16,-147],[23,-112],[18,-227],[-31,-101],[24,-83],[62,-7],[128,30],[43,-28],[36,-68],[-46,-44],[17,-111],[-42,-41],[-21,-139],[-202,13],[-82,-44],[-87,-10],[-70,-43],[-26,-103],[-62,17],[-16,-40],[-123,-51],[-24,-50],[-26,-225],[-52,-46],[-21,-329],[-71,-63],[7,-46],[-44,-44],[-117,43],[-8,27],[-72,31],[-207,45],[-16,89],[-27,28],[-80,-47],[37,-60],[-77,28],[-25,33],[-32,-40],[-66,31],[-93,-25],[-66,41],[-124,7],[-43,42],[-105,-21]]],"bbox":[44.061449873251085,25.060135478139433,63.31968674564691,39.76592194552584],"transform":{"scale":[0.0019260162888684697,0.0014707257193105716],"translate":[44.061449873251085,25.060135478139433]},"title":"Iran","version":"2.3.0","copyright":"Copyright (c) 2024 Highsoft AS, Based on data from Natural Earth","copyrightShort":"Natural Earth","copyrightUrl":"http://www.naturalearthdata.com"}